{
  "name": "ngInfiniteScroll",
  "main": "build/ng-infinite-scroll.js",
  "ignore": [
    "**/.*",
    "_*",
    "node_modules",
    "compile",
    "test",
    "Gruntfile.coffee",
    ".*"
  ],
  "dependencies": {
    "angular": ">=1.2.0"
  },
  "homepage": "https://github.com/sroze/ngInfiniteScroll",
  "version": "1.3.0",
  "_release": "1.3.0",
  "_resolution": {
    "type": "version",
    "tag": "1.3.0",
    "commit": "d44e8e3f3207da5ee15e0027d253f617b9334ac8"
  },
  "_source": "https://github.com/sroze/ngInfiniteScroll.git",
  "_target": "1.3.0",
  "_originalSource": "ngInfiniteScroll",
  "_direct": true
}