{
  "name": "angulartics",
  "version": "1.0.3",
  "main": [
    "src/angulartics.js"
  ],
  "dependencies": {
    "angular": ">= 1.1.5",
    "SHA-1": "*"
  },
  "devDependencies": {
    "angular-mocks": ">= 1.1.5",
    "angular-route": "~1.2",
    "angular-ui-router": "~0.2"
  },
  "resolutions": {
    "angular": ">= 1.1.5"
  },
  "homepage": "https://github.com/angulartics/angulartics",
  "_release": "1.0.3",
  "_resolution": {
    "type": "version",
    "tag": "1.0.3",
    "commit": "85413c113f99aee17f71d20ff05f9172b66f051c"
  },
  "_source": "https://github.com/angulartics/angulartics.git",
  "_target": "~1.0.0",
  "_originalSource": "angulartics"
}