{
  "name": "angular-material",
  "version": "0.11.4",
  "ignore": [],
  "dependencies": {
    "angular": "^1.3.0 || >1.4.0-beta.0",
    "angular-animate": "^1.3.0 || >1.4.0-beta.0",
    "angular-aria": "^1.3.15 || >1.4.0-beta.0"
  },
  "main": [
    "angular-material.js",
    "angular-material.css"
  ],
  "homepage": "https://github.com/angular/bower-material",
  "_release": "0.11.4",
  "_resolution": {
    "type": "version",
    "tag": "v0.11.4",
    "commit": "2f17e27fd96c3b3aa7f278a34a199a56869ee86f"
  },
  "_source": "https://github.com/angular/bower-material.git",
  "_target": "0.11.4",
  "_originalSource": "angular-material",
  "_direct": true
}