[{"id":1,
"tour_joueur":0,
"tour_action":3,
"tour_skip": [0,0,0],
"tonalite":"sol",
"temps": 0,
"dispo": {
	"des": {
		"rhombo": 0,
		"paysage": 1,
		"duel": 0,
		"echecs": 0,
		"labyrinthe": 0
	},
	"pioches": {
		"pioche": 0,
		"questions": 0,
		"humeurs": 0,
		"missions": 2
	},
	"cartes": {
		"ouvertures": true,
		"main_jeter": false,
		"ouvertes_jeter": false,
		"utiliser": true
	},
	"plateaux": {
		"paysage": 0,
		"labyrinthe": 0
	},
	"duel": false,
	"action_de_case": false
},
"positionCouronnes": [0,1,-9,4,16],
"valiseNonMaterialisee": []
}]