[{"id":24,"code":"quart_de_singe","position":0,"nom":"Quart de singe","pile":"pioche","categorie":"combat","utilisation":["ouverture"],"info":{},"types":{},"statut":{"ouverte": true}},{"id":25,"code":"interlude_musical","position":0,"nom":"Interlude musical","pile":"pioche","categorie":"effet_immediat","utilisation":["immediat"],"info":{},"types":{},"statut":{}},{"id":33,"code":"mission_1","position":0,"nom":"Mission 1","pile":"missions","categorie":"normale","utilisation":[null],"info":{"etapes":[{"categorie":"apporter_des_cartes","case":"354","cartes":["elephant_parapluie","fumee_de_cigarettes"]},{"categorie":"reunir_des_cartes","cartes":["interlude_musical"]}]},"types":{},"statut":{}},{"id":23,"code":"quelle_heure_est_il","position":0,"nom":"Quelle heure est-il ?","pile":"pioche","categorie":"action","utilisation":["action"],"info":{"action":{"type":"piege"},"cible":"adversaire","consequences":[{"categorie":"carte","type":"vol","valeur":"1"}],"contraintes":[],"circonstances":[]},"types":{"combustible":false,"faim":false},"statut":{}},{"id":21,"code":"fumee_de_cigarettes","position":0,"nom":"Fum\u00e9e de cigarettes","pile":"pioche","categorie":"action","utilisation":["action"],"info":{"action":{"type":"immediat"},"cible":"adversaire","consequences":[{"categorie":"tour","type":"passer","valeur":"1"}],"contraintes":[],"circonstances":[]},"types":{},"statut":{}},{"id":22,"code":"crachat_de_lama","position":0,"nom":"Crachat de lama","pile":"pioche","categorie":"action","utilisation":["action"],"info":{"action":{"type":"immediat"},"cible":"adversaire","consequences":[{"categorie":"carte","type":"defausse","valeur":"2"}],"contraintes":[],"circonstances":[]},"types":{},"statut":{}},{"id":28,"code":"elephant_parapluie","position":0,"nom":"El\u00e9phant \/ Parapluie","pile":"pioche","categorie":"objet","utilisation":["ouverture","reaction"],"info":{"0":"elephant","1":"parapluie"},"types":{},"statut":{"ouverte":true}},{"id":32,"code":"orque_casque_anti_bruit","position":0,"nom":"Orque \/ Casque anti-bruit","pile":"pioche","categorie":"objet","utilisation":["ouverture","reaction"],"info":{"0":"orque","1":"casque_anti_bruit"},"types":{},"statut":{"ouverte":false}}]