[{"id":8,"code":"parapluie","description":"Le parapluie vous prot\u00e8ge des intemp\u00e9ries et des d\u00e9faites : apr\u00e8s avoir perdu un jeu pour une mont\u00e9e de marche, il vous permet de retenter votre chance en le rejouant.","nom":"Parapluie","utilisation":"reaction","info":{"consequences":[{"categorie":"protection","type":"grandes_cartes","valeur":"2"}],"contraintes":[],"circonstances":[{"categorie":"montee_de_marche","type":"echouee"}]},"types":{"animal":false}},{"id":7,"code":"elephant","description":"Par sa v\u00e9locit\u00e9 \u00e0 toute \u00e9preuve, l'\u00e9l\u00e9phant vous permet de doubler tous les lancers de d\u00e9s concernant des d\u00e9placements sur le plateau-labyrinthe","nom":"El\u00e9phant","utilisation":"ouverture","info":{"consequences":[{"categorie":"deplacement","type":"avantage","valeur":"vitesse_doublee"}],"contraintes":[{"categorie":"position","type":"plateau","valeur":"labyrinthe"}],"circonstances":[]},"types":{"animal":true}},{"id":12,"code":"orque","description":"L'orque est un solide moyen de transport lacustre. Il y a cependant besoin de raconter une petite histoire d'orques avant de l'ouvrir, afin de ravir les oreilles de vos adversaires.","nom":"Orque","utilisation":"ouverture","info":{"consequences":[{"categorie":"deplacement","type":"avantage","valeur":"respiration_sous_l_eau"}],"contraintes":[],"circonstances":[]},"types":{"animal":true}},{"id":13,"code":"casque_anti_bruit","description":"Boudeur, vous ne participez pas \u00e0 un interlude musical, et les autres doivent se d\u00e9brouiller sans vous. Vous piochez une carte, pour vous occuper pendant ce temps-l\u00e0.","nom":"Casque anti-bruit","utilisation":"reaction","info":{"consequences":[{"categorie":"carte","type":"pioche","valeur":"1"}],"contraintes":[],"circonstances":[{"categorie":"valise_non_materialisee"}]},"types":{}}]