[{"id":0,"nom":"Julia","diable":0,"belette":0,"notes_titre":"Deposer le bebe hideux","notes":"","backgroundColor":"#fff4f4","pions":[{"plateau":"labyrinthe","case":"Hub"}]},{"id":1,"nom":"Marie","diable":0,"belette":1,"notes_titre":"BELETTE","notes":"","backgroundColor":"#faeeff","pions":[{"plateau":"paysage","case":"347"}]},{"id":2,"nom":"Romain","diable":0,"belette":0,"notes_titre":"Empeche Marie de faire une belette !","notes":"","backgroundColor":"#f4ffee","pions":[{"plateau":"labyrinthe","case":"Hub"}]}]