[{"id":0,"colonnes":[{"id":0,"numero":931,"question":true,"zones":["Village","Foret"],"action":true,"achat":true},
	{"id":1,"numero":84,"question":false,"zones":["Village","Montagne"],"action":false,"achat":true},
	{"id":2,"numero":651,"question":false,"zones":["Foret"],"action":true,"achat":false},
	{"id":3,"numero":13,"question":true,"zones":["Royaume des tenebres","Marecage"],"action":true,"achat":false},
	{"id":4,"numero":888,"question":false,"zones":["Desert"],"action":false,"achat":true},
	{"id":5,"numero":606,"question":false,"zones":["Desert","Royaume des tenebres"],"action":true,"achat":false},
	{"id":6,"numero":508,"question":false,"zones":["Foret"],"action":false,"achat":false},
	{"id":7,"numero":880,"question":false,"zones":["Royaume des tenebres","Mer"],"action":false,"achat":true},
	{"id":8,"numero":730,"question":true,"zones":["Desert","Desert"],"action":false,"achat":false},
	{"id":9,"numero":890,"question":false,"zones":["Desert"],"action":false,"achat":true},
	{"id":10,"numero":192,"question":false,"zones":["Montagne"],"action":false,"achat":true},
	{"id":11,"numero":119,"question":true,"zones":["Marecage"],"action":false,"achat":true},
	{"id":12,"numero":87,"question":false,"zones":["Montagne"],"action":false,"achat":false},
	{"id":13,"numero":198,"question":true,"zones":["Mer"],"action":false,"achat":false},
	{"id":14,"numero":725,"question":false,"zones":["Desert"],"action":false,"achat":false},
	{"id":15,"numero":922,"question":false,"zones":["Ville"],"action":false,"achat":true},{"id":16,"numero":177,"question":true,"zones":["Montagne","Ville"],"action":false,"achat":true},{"id":17,"numero":521,"question":false,"zones":["Montagne","Montagne"],"action":false,"achat":true},{"id":18,"numero":886,"question":false,"zones":["Desert"],"action":false,"achat":true},{"id":19,"numero":947,"question":false,"zones":["Ville"],"action":false,"achat":false},{"id":20,"numero":802,"question":false,"zones":["Marecage"],"action":false,"achat":false},{"id":21,"numero":561,"question":false,"zones":["Ville","Marecage"],"action":false,"achat":true},{"id":22,"numero":675,"question":false,"zones":["Desert"],"action":true,"achat":false},{"id":23,"numero":662,"question":true,"zones":["Marecage"],"action":false,"achat":true}]},
	{"id":1,"colonnes":[{"id":0,"numero":565,"question":true,"zones":["Village","Foret"],"action":true,"achat":true},{"id":1,"numero":464,"question":false,"zones":["Royaume des tenebres","Montagne"],"action":false,"achat":false},{"id":2,"numero":739,"question":false,"zones":["Montagne"],"action":false,"achat":true},{"id":3,"numero":347,"question":false,"zones":["Village"],"action":false,"achat":true},{"id":4,"numero":363,"question":false,"zones":["Mer"],"action":false,"achat":false},{"id":5,"numero":164,"question":false,"zones":["Foret"],"action":false,"achat":false},{"id":6,"numero":221,"question":false,"zones":["Montagne"],"action":false,"achat":true},{"id":7,"numero":873,"question":false,"zones":["Montagne"],"action":true,"achat":true},{"id":8,"numero":354,"question":false,"zones":["Village"],"action":false,"achat":true},{"id":9,"numero":63,"question":false,"zones":["Marecage"],"action":false,"achat":true},{"id":10,"numero":475,"question":true,"zones":["Marecage"],"action":true,"achat":true},{"id":11,"numero":756,"question":false,"zones":["Foret","Desert"],"action":false,"achat":false},{"id":12,"numero":707,"question":false,"zones":["Montagne","Foret"],"action":false,"achat":false},{"id":13,"numero":167,"question":true,"zones":["Marecage"],"action":false,"achat":false},{"id":14,"numero":816,"question":false,"zones":["Desert"],"action":false,"achat":false},{"id":15,"numero":245,"question":false,"zones":["Mer"],"action":false,"achat":true},{"id":16,"numero":898,"question":false,"zones":["Royaume des tenebres"],"action":false,"achat":false},{"id":17,"numero":394,"question":true,"zones":["Ville"],"action":true,"achat":false},{"id":18,"numero":58,"question":false,"zones":["Ville"],"action":false,"achat":false},{"id":19,"numero":848,"question":false,"zones":["Foret","Montagne"],"action":false,"achat":true},{"id":20,"numero":587,"question":false,"zones":["Ville"],"action":false,"achat":true},{"id":21,"numero":117,"question":false,"zones":["Village","Ville"],"action":false,"achat":true},{"id":22,"numero":772,"question":true,"zones":["Foret"],"action":false,"achat":true},{"id":23,"numero":867,"question":false,"zones":["Desert"],"action":true,"achat":false}]},
	{"id":2,"colonnes":[{"id":0,"numero":590,"question":false,"zones":["Foret"],"action":true,"achat":false},{"id":1,"numero":491,"question":false,"zones":["Montagne"],"action":false,"achat":false},{"id":2,"numero":800,"question":false,"zones":["Foret"],"action":false,"achat":false},{"id":3,"numero":875,"question":false,"zones":["Montagne"],"action":false,"achat":true},{"id":4,"numero":239,"question":true,"zones":["Mer","Montagne"],"action":false,"achat":true},{"id":5,"numero":812,"question":true,"zones":["Mer"],"action":false,"achat":false},{"id":6,"numero":234,"question":true,"zones":["Ville"],"action":false,"achat":false},{"id":7,"numero":927,"question":false,"zones":["Foret"],"action":false,"achat":true},{"id":8,"numero":1203,"question":false,"zones":["Royaume des tenebres","Royaume des tenebres"],"action":false,"achat":false},{"id":9,"numero":472,"question":false,"zones":["Montagne"],"action":false,"achat":true},{"id":10,"numero":593,"question":false,"zones":["Foret"],"action":false,"achat":true},{"id":11,"numero":804,"question":false,"zones":["Royaume des tenebres"],"action":true,"achat":true},{"id":12,"numero":425,"question":true,"zones":["Montagne"],"action":false,"achat":false},{"id":13,"numero":609,"question":false,"zones":["Village","Village"],"action":false,"achat":true},{"id":14,"numero":263,"question":false,"zones":["Mer","Village"],"action":false,"achat":true},{"id":15,"numero":728,"question":true,"zones":["Montagne"],"action":false,"achat":false},{"id":16,"numero":472,"question":false,"zones":["Marecage"],"action":false,"achat":false},{"id":17,"numero":968,"question":true,"zones":["Mer"],"action":false,"achat":false},{"id":18,"numero":326,"question":false,"zones":["Village"],"action":true,"achat":false},{"id":19,"numero":720,"question":false,"zones":["Ville"],"action":true,"achat":false},{"id":20,"numero":958,"question":true,"zones":["Royaume des tenebres"],"action":false,"achat":false},{"id":21,"numero":667,"question":false,"zones":["Village"],"action":false,"achat":true},{"id":22,"numero":17,"question":true,"zones":["Mer"],"action":false,"achat":false},{"id":23,"numero":4,"question":true,"zones":["Desert","Foret"],"action":false,"achat":true}]},
	{"id":3,"colonnes":[{"id":0,"numero":980,"question":false,"zones":["Desert"],"action":false,"achat":true},{"id":1,"numero":313,"question":false,"zones":["Desert"],"action":false,"achat":false},{"id":2,"numero":538,"question":true,"zones":["Mer"],"action":true,"achat":true},{"id":3,"numero":899,"question":false,"zones":["Mer","Desert"],"action":false,"achat":true},{"id":4,"numero":270,"question":true,"zones":["Mer","Foret"],"action":true,"achat":false},{"id":5,"numero":1,"question":false,"zones":["Montagne","Mer"],"action":true,"achat":true},{"id":6,"numero":534,"question":true,"zones":["Foret","Montagne"],"action":false,"achat":false},{"id":7,"numero":612,"question":false,"zones":["Mer"],"action":true,"achat":true},{"id":8,"numero":690,"question":false,"zones":["Royaume des tenebres"],"action":false,"achat":true},{"id":9,"numero":555,"question":true,"zones":["Ville","Mer"],"action":false,"achat":false},{"id":10,"numero":569,"question":false,"zones":["Royaume des tenebres"],"action":false,"achat":true},{"id":11,"numero":539,"question":true,"zones":["Foret"],"action":false,"achat":false},{"id":12,"numero":157,"question":false,"zones":["Ville"],"action":false,"achat":false},{"id":13,"numero":604,"question":false,"zones":["Village","Marecage"],"action":false,"achat":false},{"id":14,"numero":536,"question":false,"zones":["Desert"],"action":false,"achat":false},{"id":15,"numero":941,"question":true,"zones":["Desert","Montagne"],"action":false,"achat":false},{"id":16,"numero":418,"question":false,"zones":["Royaume des tenebres"],"action":false,"achat":false},{"id":17,"numero":467,"question":false,"zones":["Royaume des tenebres"],"action":false,"achat":true},{"id":18,"numero":33,"question":true,"zones":["Foret","Ville"],"action":false,"achat":false},{"id":19,"numero":146,"question":true,"zones":["Montagne"],"action":false,"achat":false},{"id":20,"numero":449,"question":false,"zones":["Foret","Foret"],"action":false,"achat":false},{"id":21,"numero":793,"question":true,"zones":["Foret","Royaume des tenebres"],"action":false,"achat":true},{"id":22,"numero":645,"question":false,"zones":["Royaume des tenebres","Mer"],"action":false,"achat":true},{"id":23,"numero":"Hub","question":false,"zones":["Ville"],"action":true,"achat":false}]},
	{"id":4,"colonnes":[{"id":0,"numero":769,"question":false,"zones":["Marecage"],"action":false,"achat":true},{"id":1,"numero":849,"question":false,"zones":["Desert"],"action":false,"achat":false},{"id":2,"numero":120,"question":true,"zones":["Ville","Mer"],"action":false,"achat":false},{"id":3,"numero":670,"question":false,"zones":["Village","Montagne"],"action":true,"achat":false},{"id":4,"numero":825,"question":false,"zones":["Montagne"],"action":false,"achat":false},{"id":5,"numero":239,"question":false,"zones":["Mer"],"action":false,"achat":false},{"id":6,"numero":167,"question":false,"zones":["Ville"],"action":false,"achat":false},{"id":7,"numero":894,"question":true,"zones":["Desert","Montagne"],"action":false,"achat":false},{"id":8,"numero":358,"question":false,"zones":["Village"],"action":false,"achat":false},{"id":9,"numero":575,"question":false,"zones":["Desert"],"action":false,"achat":false},{"id":10,"numero":941,"question":false,"zones":["Marecage"],"action":false,"achat":true},{"id":11,"numero":386,"question":false,"zones":["Royaume des tenebres"],"action":false,"achat":false},{"id":12,"numero":749,"question":false,"zones":["Marecage"],"action":false,"achat":true},{"id":13,"numero":915,"question":false,"zones":["Village"],"action":false,"achat":true},{"id":14,"numero":774,"question":false,"zones":["Royaume des tenebres"],"action":false,"achat":true},{"id":15,"numero":213,"question":false,"zones":["Royaume des tenebres"],"action":true,"achat":true},{"id":16,"numero":533,"question":false,"zones":["Foret"],"action":false,"achat":true},{"id":17,"numero":1104,"question":false,"zones":["Village"],"action":true,"achat":true},{"id":18,"numero":645,"question":false,"zones":["Ville","Ville"],"action":false,"achat":false},{"id":19,"numero":958,"question":false,"zones":["Desert"],"action":false,"achat":true},{"id":20,"numero":71,"question":true,"zones":["Desert","Royaume des tenebres"],"action":false,"achat":false},{"id":21,"numero":262,"question":true,"zones":["Montagne"],"action":false,"achat":true},{"id":22,"numero":8,"question":false,"zones":["Village","Royaume des tenebres"],"action":true,"achat":false},{"id":23,"numero":"Hub","question":false,"zones":["Ville"],"action":true,"achat":false}]},
	{"id":5,"colonnes":[{"id":0,"numero":46,"question":false,"zones":["Royaume des tenebres"],"action":true,"achat":true},{"id":1,"numero":892,"question":true,"zones":["Village"],"action":false,"achat":true},{"id":2,"numero":968,"question":false,"zones":["Mer"],"action":false,"achat":true},{"id":3,"numero":650,"question":false,"zones":["Montagne","Mer"],"action":true,"achat":true},{"id":4,"numero":584,"question":false,"zones":["Royaume des tenebres"],"action":true,"achat":false},{"id":5,"numero":630,"question":true,"zones":["Royaume des tenebres"],"action":false,"achat":false},{"id":6,"numero":482,"question":false,"zones":["Mer","Foret"],"action":false,"achat":false},{"id":7,"numero":938,"question":false,"zones":["Royaume des tenebres","Mer"],"action":false,"achat":false},{"id":8,"numero":10,"question":false,"zones":["Marecage"],"action":false,"achat":true},{"id":9,"numero":897,"question":false,"zones":["Montagne"],"action":false,"achat":false},{"id":10,"numero":80,"question":false,"zones":["Foret","Marecage"],"action":false,"achat":true},{"id":11,"numero":5,"question":false,"zones":["Montagne","Mer"],"action":false,"achat":false},{"id":12,"numero":4,"question":false,"zones":["Montagne"],"action":false,"achat":true},{"id":13,"numero":183,"question":false,"zones":["Foret","Foret"],"action":true,"achat":false},{"id":14,"numero":882,"question":false,"zones":["Village"],"action":false,"achat":false},{"id":15,"numero":206,"question":false,"zones":["Foret"],"action":false,"achat":false},{"id":16,"numero":249,"question":true,"zones":["Village","Desert"],"action":true,"achat":true},{"id":17,"numero":513,"question":true,"zones":["Village","Ville"],"action":false,"achat":false},{"id":18,"numero":762,"question":true,"zones":["Ville"],"action":false,"achat":true},{"id":19,"numero":211,"question":false,"zones":["Marecage"],"action":true,"achat":true},{"id":20,"numero":982,"question":true,"zones":["Montagne"],"action":false,"achat":true},{"id":21,"numero":617,"question":false,"zones":["Mer"],"action":false,"achat":true},{"id":22,"numero":264,"question":true,"zones":["Royaume des tenebres","Mer"],"action":false,"achat":false},{"id":23,"numero":"Hub","question":false,"zones":["Ville"],"action":true,"achat":false}]},
	{"id":6,"colonnes":[{"id":0,"numero":731,"question":true,"zones":["Mer"],"action":true,"achat":true},{"id":1,"numero":632,"question":false,"zones":["Desert"],"action":false,"achat":true},{"id":2,"numero":301,"question":false,"zones":["Ville"],"action":true,"achat":false},{"id":3,"numero":596,"question":false,"zones":["Royaume des tenebres"],"action":false,"achat":true},{"id":4,"numero":509,"question":false,"zones":["Royaume des tenebres"],"action":false,"achat":true},{"id":5,"numero":74,"question":false,"zones":["Montagne"],"action":false,"achat":false},{"id":6,"numero":881,"question":true,"zones":["Ville"],"action":false,"achat":true},{"id":7,"numero":353,"question":true,"zones":["Foret"],"action":false,"achat":false},{"id":8,"numero":823,"question":false,"zones":["Foret","Montagne"],"action":false,"achat":false},{"id":9,"numero":101,"question":false,"zones":["Mer"],"action":false,"achat":true},{"id":10,"numero":519,"question":false,"zones":["Ville"],"action":false,"achat":true},{"id":11,"numero":744,"question":false,"zones":["Mer"],"action":false,"achat":false},{"id":12,"numero":511,"question":false,"zones":["Desert"],"action":true,"achat":true},{"id":13,"numero":654,"question":false,"zones":["Village"],"action":false,"achat":true},{"id":14,"numero":911,"question":true,"zones":["Desert","Ville"],"action":false,"achat":true},{"id":15,"numero":18,"question":false,"zones":["Royaume des tenebres"],"action":false,"achat":false},{"id":16,"numero":354,"question":true,"zones":["Desert","Royaume des tenebres"],"action":false,"achat":true},{"id":17,"numero":1197,"question":false,"zones":["Foret","Foret"],"action":false,"achat":true},{"id":18,"numero":289,"question":false,"zones":["Montagne"],"action":false,"achat":true},{"id":19,"numero":339,"question":false,"zones":["Montagne"],"action":false,"achat":true},{"id":20,"numero":914,"question":false,"zones":["Desert"],"action":false,"achat":false},{"id":21,"numero":291,"question":false,"zones":["Ville"],"action":false,"achat":true},{"id":22,"numero":653,"question":true,"zones":["Foret","Foret"],"action":false,"achat":true},{"id":23,"numero":316,"question":false,"zones":["Marecage"],"action":false,"achat":false}]},
	{"id":7,"colonnes":[{"id":0,"numero":284,"question":false,"zones":["Desert","Royaume des tenebres"],"action":false,"achat":false},{"id":1,"numero":680,"question":false,"zones":["Royaume des tenebres","Royaume des tenebres"],"action":false,"achat":false},{"id":2,"numero":30,"question":false,"zones":["Mer","Ville"],"action":true,"achat":false},{"id":3,"numero":129,"question":true,"zones":["Village"],"action":false,"achat":true},{"id":4,"numero":821,"question":true,"zones":["Mer"],"action":false,"achat":true},{"id":5,"numero":823,"question":false,"zones":["Village"],"action":true,"achat":false},{"id":6,"numero":410,"question":false,"zones":["Royaume des tenebres"],"action":false,"achat":true},{"id":7,"numero":166,"question":false,"zones":["Ville","Royaume des tenebres"],"action":true,"achat":false},{"id":8,"numero":186,"question":true,"zones":["Montagne"],"action":false,"achat":false},{"id":9,"numero":275,"question":false,"zones":["Ville","Marecage"],"action":false,"achat":false},{"id":10,"numero":919,"question":false,"zones":["Village"],"action":false,"achat":false},{"id":11,"numero":356,"question":false,"zones":["Royaume des tenebres","Ville"],"action":false,"achat":true},{"id":12,"numero":862,"question":true,"zones":["Ville"],"action":true,"achat":true},{"id":13,"numero":309,"question":true,"zones":["Desert"],"action":true,"achat":false},{"id":14,"numero":510,"question":false,"zones":["Mer"],"action":false,"achat":false},{"id":15,"numero":128,"question":true,"zones":["Village"],"action":true,"achat":true},{"id":16,"numero":928,"question":false,"zones":["Marecage"],"action":false,"achat":false},{"id":17,"numero":450,"question":false,"zones":["Foret"],"action":false,"achat":false},{"id":18,"numero":666,"question":false,"zones":["Mer"],"action":true,"achat":false},{"id":19,"numero":844,"question":false,"zones":["Royaume des tenebres","Village"],"action":false,"achat":false},{"id":20,"numero":943,"question":false,"zones":["Ville","Village"],"action":false,"achat":false},{"id":21,"numero":856,"question":true,"zones":["Desert"],"action":false,"achat":true},{"id":22,"numero":986,"question":false,"zones":["Marecage"],"action":false,"achat":false},{"id":23,"numero":728,"question":true,"zones":["Village"],"action":false,"achat":false}]},
	{"id":8,"colonnes":[{"id":0,"numero":984,"question":true,"zones":["Village"],"action":true,"achat":false},{"id":1,"numero":763,"question":true,"zones":["Ville"],"action":false,"achat":false},{"id":2,"numero":844,"question":false,"zones":["Foret"],"action":true,"achat":true},{"id":3,"numero":406,"question":true,"zones":["Ville"],"action":false,"achat":false},{"id":4,"numero":339,"question":true,"zones":["Village"],"action":false,"achat":false},{"id":5,"numero":895,"question":false,"zones":["Foret","Desert"],"action":false,"achat":false},{"id":6,"numero":131,"question":false,"zones":["Montagne","Marecage"],"action":false,"achat":false},{"id":7,"numero":19,"question":false,"zones":["Ville"],"action":true,"achat":false},{"id":8,"numero":382,"question":false,"zones":["Mer","Montagne"],"action":false,"achat":false},{"id":9,"numero":994,"question":false,"zones":["Village"],"action":true,"achat":false},{"id":10,"numero":194,"question":true,"zones":["Village"],"action":true,"achat":true},{"id":11,"numero":98,"question":false,"zones":["Foret"],"action":false,"achat":true},{"id":12,"numero":663,"question":true,"zones":["Ville"],"action":false,"achat":true},{"id":13,"numero":189,"question":false,"zones":["Marecage"],"action":true,"achat":true},{"id":14,"numero":780,"question":false,"zones":["Desert","Marecage"],"action":false,"achat":false},{"id":15,"numero":784,"question":false,"zones":["Royaume des tenebres"],"action":false,"achat":false},{"id":16,"numero":882,"question":false,"zones":["Village"],"action":false,"achat":false},{"id":17,"numero":41,"question":false,"zones":["Ville","Mer"],"action":false,"achat":false},{"id":18,"numero":643,"question":false,"zones":["Royaume des tenebres"],"action":false,"achat":false},{"id":19,"numero":23,"question":false,"zones":["Royaume des tenebres"],"action":true,"achat":true},{"id":20,"numero":587,"question":false,"zones":["Marecage"],"action":false,"achat":true},{"id":21,"numero":912,"question":false,"zones":["Royaume des tenebres"],"action":false,"achat":true},{"id":22,"numero":289,"question":true,"zones":["Ville"],"action":false,"achat":true},{"id":23,"numero":412,"question":false,"zones":["Desert"],"action":false,"achat":true}]},
	{"id":9,"colonnes":[{"id":0,"numero":276,"question":false,"zones":["Mer","Ville"],"action":false,"achat":true},{"id":1,"numero":437,"question":false,"zones":["Mer"],"action":false,"achat":false},{"id":2,"numero":696,"question":false,"zones":["Royaume des tenebres"],"action":false,"achat":false},{"id":3,"numero":97,"question":false,"zones":["Mer","Ville"],"action":false,"achat":false},{"id":4,"numero":703,"question":false,"zones":["Montagne"],"action":false,"achat":false},{"id":5,"numero":112,"question":false,"zones":["Desert"],"action":false,"achat":true},{"id":6,"numero":772,"question":false,"zones":["Mer","Marecage"],"action":false,"achat":true},{"id":7,"numero":153,"question":false,"zones":["Marecage"],"action":true,"achat":true},{"id":8,"numero":448,"question":false,"zones":["Marecage"],"action":true,"achat":false},{"id":9,"numero":171,"question":false,"zones":["Ville"],"action":false,"achat":false},{"id":10,"numero":373,"question":true,"zones":["Village"],"action":false,"achat":true},{"id":11,"numero":933,"question":true,"zones":["Montagne","Village"],"action":false,"achat":true},{"id":12,"numero":639,"question":false,"zones":["Mer"],"action":true,"achat":true},{"id":13,"numero":611,"question":false,"zones":["Ville"],"action":false,"achat":true},{"id":14,"numero":378,"question":false,"zones":["Royaume des tenebres"],"action":false,"achat":false},{"id":15,"numero":726,"question":false,"zones":["Mer"],"action":true,"achat":true},{"id":16,"numero":604,"question":false,"zones":["Ville"],"action":true,"achat":true},{"id":17,"numero":473,"question":false,"zones":["Montagne"],"action":false,"achat":true},{"id":18,"numero":813,"question":false,"zones":["Royaume des tenebres"],"action":false,"achat":false},{"id":19,"numero":286,"question":false,"zones":["Foret"],"action":false,"achat":false},{"id":20,"numero":125,"question":true,"zones":["Desert"],"action":false,"achat":true},{"id":21,"numero":660,"question":false,"zones":["Montagne"],"action":false,"achat":false},{"id":22,"numero":274,"question":false,"zones":["Ville"],"action":false,"achat":false},{"id":23,"numero":297,"question":true,"zones":["Foret","Ville"],"action":false,"achat":false}]},
	{"id":10,"colonnes":[{"id":0,"numero":32,"question":false,"zones":["Foret"],"action":true,"achat":false},{"id":1,"numero":324,"question":false,"zones":["Royaume des tenebres"],"action":false,"achat":false},{"id":2,"numero":958,"question":false,"zones":["Foret"],"action":false,"achat":true},{"id":3,"numero":791,"question":false,"zones":["Montagne","Foret"],"action":false,"achat":false},{"id":4,"numero":623,"question":false,"zones":["Village"],"action":true,"achat":false},{"id":5,"numero":26,"question":false,"zones":["Mer"],"action":false,"achat":false},{"id":6,"numero":781,"question":false,"zones":["Mer","Foret"],"action":true,"achat":true},{"id":7,"numero":28,"question":false,"zones":["Foret"],"action":false,"achat":false},{"id":8,"numero":882,"question":false,"zones":["Mer"],"action":false,"achat":false},{"id":9,"numero":126,"question":false,"zones":["Mer","Desert"],"action":true,"achat":true},{"id":10,"numero":936,"question":false,"zones":["Ville"],"action":false,"achat":true},{"id":11,"numero":28,"question":false,"zones":["Village","Desert"],"action":true,"achat":false},{"id":12,"numero":873,"question":false,"zones":["Foret","Desert"],"action":false,"achat":true},{"id":13,"numero":638,"question":true,"zones":["Ville"],"action":false,"achat":false},{"id":14,"numero":337,"question":false,"zones":["Royaume des tenebres"],"action":false,"achat":true},{"id":15,"numero":955,"question":false,"zones":["Village"],"action":true,"achat":false},{"id":16,"numero":105,"question":false,"zones":["Village"],"action":false,"achat":false},{"id":17,"numero":803,"question":true,"zones":["Desert","Mer"],"action":false,"achat":true},{"id":18,"numero":399,"question":true,"zones":["Montagne"],"action":false,"achat":true},{"id":19,"numero":815,"question":false,"zones":["Foret"],"action":false,"achat":true},{"id":20,"numero":894,"question":true,"zones":["Royaume des tenebres","Desert"],"action":true,"achat":false},{"id":21,"numero":402,"question":false,"zones":["Royaume des tenebres"],"action":false,"achat":false},{"id":22,"numero":550,"question":true,"zones":["Marecage"],"action":false,"achat":true},{"id":23,"numero":235,"question":true,"zones":["Mer","Marecage"],"action":false,"achat":false}]},
	{"id":11,"colonnes":[{"id":0,"numero":136,"question":false,"zones":["Montagne"],"action":false,"achat":true},{"id":1,"numero":60,"question":true,"zones":["Village"],"action":true,"achat":true},{"id":2,"numero":966,"question":false,"zones":["Royaume des tenebres"],"action":true,"achat":true},{"id":3,"numero":51,"question":true,"zones":["Royaume des tenebres"],"action":false,"achat":false},{"id":4,"numero":874,"question":false,"zones":["Marecage"],"action":false,"achat":true},{"id":5,"numero":980,"question":false,"zones":["Montagne"],"action":false,"achat":true},{"id":6,"numero":321,"question":false,"zones":["Mer"],"action":false,"achat":true},{"id":7,"numero":206,"question":true,"zones":["Mer","Ville"],"action":false,"achat":false},{"id":8,"numero":310,"question":false,"zones":["Royaume des tenebres","Foret"],"action":false,"achat":false},{"id":9,"numero":555,"question":false,"zones":["Village"],"action":false,"achat":true},{"id":10,"numero":225,"question":false,"zones":["Marecage"],"action":true,"achat":true},{"id":11,"numero":823,"question":false,"zones":["Royaume des tenebres"],"action":false,"achat":true},{"id":12,"numero":45,"question":false,"zones":["Foret"],"action":false,"achat":false},{"id":13,"numero":620,"question":false,"zones":["Village"],"action":false,"achat":false},{"id":14,"numero":524,"question":false,"zones":["Village"],"action":false,"achat":false},{"id":15,"numero":312,"question":false,"zones":["Foret","Village"],"action":false,"achat":false},{"id":16,"numero":968,"question":false,"zones":["Montagne"],"action":false,"achat":false},{"id":17,"numero":196,"question":false,"zones":["Foret","Foret"],"action":false,"achat":false},{"id":18,"numero":607,"question":true,"zones":["Montagne"],"action":false,"achat":true},{"id":19,"numero":287,"question":false,"zones":["Montagne","Mer"],"action":false,"achat":true},{"id":20,"numero":688,"question":true,"zones":["Desert"],"action":false,"achat":false},{"id":21,"numero":441,"question":false,"zones":["Village","Village"],"action":false,"achat":false},{"id":22,"numero":491,"question":false,"zones":["Marecage"],"action":true,"achat":true},{"id":23,"numero":447,"question":true,"zones":["Ville"],"action":false,"achat":true}]},
	{"id":12,"colonnes":[{"id":0,"numero":688,"question":true,"zones":["Montagne"],"action":false,"achat":false},{"id":1,"numero":236,"question":false,"zones":["Marecage","Mer"],"action":false,"achat":false},{"id":2,"numero":301,"question":false,"zones":["Desert"],"action":false,"achat":false},{"id":3,"numero":688,"question":true,"zones":["Desert"],"action":false,"achat":false},{"id":4,"numero":883,"question":false,"zones":["Village"],"action":false,"achat":false},{"id":5,"numero":313,"question":false,"zones":["Village","Marecage"],"action":true,"achat":false},{"id":6,"numero":835,"question":true,"zones":["Marecage"],"action":false,"achat":true},{"id":7,"numero":666,"question":false,"zones":["Foret","Montagne"],"action":false,"achat":false},{"id":8,"numero":95,"question":true,"zones":["Mer"],"action":false,"achat":false},{"id":9,"numero":647,"question":false,"zones":["Foret"],"action":true,"achat":false},{"id":10,"numero":448,"question":true,"zones":["Mer"],"action":true,"achat":false},{"id":11,"numero":180,"question":true,"zones":["Marecage"],"action":false,"achat":false},{"id":12,"numero":896,"question":false,"zones":["Montagne"],"action":true,"achat":true},{"id":13,"numero":297,"question":false,"zones":["Mer","Montagne"],"action":false,"achat":false},{"id":14,"numero":850,"question":false,"zones":["Foret"],"action":false,"achat":false},{"id":15,"numero":761,"question":false,"zones":["Foret","Foret"],"action":false,"achat":true},{"id":16,"numero":805,"question":false,"zones":["Desert"],"action":false,"achat":false},{"id":17,"numero":20,"question":true,"zones":["Ville","Desert"],"action":false,"achat":false},{"id":18,"numero":57,"question":false,"zones":["Royaume des tenebres"],"action":false,"achat":true},{"id":19,"numero":523,"question":false,"zones":["Desert","Ville"],"action":false,"achat":true},{"id":20,"numero":143,"question":true,"zones":["Montagne"],"action":false,"achat":false},{"id":21,"numero":220,"question":false,"zones":["Mer"],"action":false,"achat":false},{"id":22,"numero":460,"question":true,"zones":["Montagne"],"action":true,"achat":true},{"id":23,"numero":883,"question":false,"zones":["Desert"],"action":false,"achat":true}]},
	{"id":13,"colonnes":[{"id":0,"numero":344,"question":false,"zones":["Montagne"],"action":false,"achat":false},{"id":1,"numero":750,"question":true,"zones":["Montagne","Foret"],"action":false,"achat":false},{"id":2,"numero":707,"question":false,"zones":["Village"],"action":true,"achat":false},{"id":3,"numero":898,"question":false,"zones":["Mer"],"action":false,"achat":false},{"id":4,"numero":338,"question":false,"zones":["Foret","Foret"],"action":true,"achat":false},{"id":5,"numero":806,"question":false,"zones":["Royaume des tenebres","Foret"],"action":false,"achat":false},{"id":6,"numero":339,"question":false,"zones":["Marecage"],"action":false,"achat":false},{"id":7,"numero":448,"question":false,"zones":["Foret"],"action":false,"achat":false},{"id":8,"numero":621,"question":true,"zones":["Royaume des tenebres"],"action":false,"achat":false},{"id":9,"numero":294,"question":false,"zones":["Royaume des tenebres"],"action":false,"achat":false},{"id":10,"numero":907,"question":false,"zones":["Ville"],"action":false,"achat":true},{"id":11,"numero":335,"question":false,"zones":["Village"],"action":false,"achat":true},{"id":12,"numero":721,"question":false,"zones":["Ville","Montagne"],"action":true,"achat":true},{"id":13,"numero":186,"question":false,"zones":["Mer","Mer"],"action":false,"achat":false},{"id":14,"numero":992,"question":false,"zones":["Marecage"],"action":true,"achat":false},{"id":15,"numero":726,"question":false,"zones":["Foret","Marecage"],"action":true,"achat":false},{"id":16,"numero":220,"question":false,"zones":["Mer"],"action":false,"achat":false},{"id":17,"numero":506,"question":false,"zones":["Ville"],"action":false,"achat":false},{"id":18,"numero":685,"question":false,"zones":["Village"],"action":true,"achat":false},{"id":19,"numero":108,"question":false,"zones":["Desert","Royaume des tenebres"],"action":false,"achat":false},{"id":20,"numero":674,"question":false,"zones":["Montagne","Royaume des tenebres"],"action":true,"achat":false},{"id":21,"numero":558,"question":false,"zones":["Ville"],"action":true,"achat":true},{"id":22,"numero":254,"question":false,"zones":["Foret","Royaume des tenebres"],"action":false,"achat":false},{"id":23,"numero":395,"question":false,"zones":["Desert"],"action":true,"achat":false}]}]