{
  "name": "angulartics-google-analytics",
  "main": "lib/angulartics-ga.js",
  "dependencies": {
    "angulartics": "~1.0.0"
  },
  "ignore": [
    "**/.*",
    "bower_components",
    "node_modules",
    "example",
    "package.json",
    "lib/index.js"
  ],
  "homepage": "https://github.com/angulartics/angulartics-google-analytics",
  "version": "0.2.0",
  "_release": "0.2.0",
  "_resolution": {
    "type": "version",
    "tag": "0.2.0",
    "commit": "a5786e6fccf9c322b3afd3b6b65f13af3d67aaf5"
  },
  "_source": "https://github.com/angulartics/angulartics-google-analytics.git",
  "_target": "^0.2.0",
  "_originalSource": "angulartics-google-analytics",
  "_direct": true
}