{
  "name": "angular-aria",
  "version": "1.4.4",
  "main": "./angular-aria.js",
  "ignore": [],
  "dependencies": {
    "angular": "1.4.4"
  },
  "homepage": "https://github.com/angular/bower-angular-aria",
  "_release": "1.4.4",
  "_resolution": {
    "type": "version",
    "tag": "v1.4.4",
    "commit": "79fd6f318da17de59a11211ff96ee85363439848"
  },
  "_source": "https://github.com/angular/bower-angular-aria.git",
  "_target": "1.4.4",
  "_originalSource": "angular-aria",
  "_direct": true
}